"area";"serviço";"valor_reais";"horas_estimadas"
"Atividades avulsas ou extrajudiciais";"Consulta";"539,25";"0,62"
"Atividades avulsas ou extrajudiciais";"Consulta - a) Consulta em condições excepcionais (com exame de documentos)";"1155,52";"1,33"
"Atividades avulsas ou extrajudiciais";"Hora intelectual";"868,96";"1,00"
"Atividades avulsas ou extrajudiciais";"Acompanhamento ou exame de documentos em órgão público";"1216,54";"1,40"
"Atividades avulsas ou extrajudiciais";"Acompanhamento de citação, notificação, intimação, interpelação e exames periciais";"868,96";"1,00"
"Atividades avulsas ou extrajudiciais";"Acompanhamento de depoimento pessoal ou inquirição de testemunhas (por ato)";"2433,09";"2,80"
"Atividades avulsas ou extrajudiciais";"Cobrança amigável (art. 395 do CC/2002), independentemente dos honorários contratuais";"1216,54";"1,40"
"Atividades avulsas ou extrajudiciais";"Consignação em pagamento na via extrajudicial";"2085,52";"2,40"
"Atividades avulsas ou extrajudiciais";"Exame e visto em instrumento de constituição de pessoa jurídica";"2085,52";"2,40"
"Atividades avulsas ou extrajudiciais";"Elaboração de notificação extrajudicial";"868,96";"1,00"
"Atividades avulsas ou extrajudiciais";"Elaboração de minutas de contrato, distrato, alteração, estatuto, testamento, escritura ou documento";"4930,26";"5,67"
"Atividades avulsas ou extrajudiciais";"Parecer ou memorial";"3475,84";"4,00"
"Atividades avulsas ou extrajudiciais";"Requerimento ou petições";"1216,54";"1,40"
"Atividades avulsas ou extrajudiciais";"Exame de processo em geral";"770,35";"0,89"
"Atividades avulsas ou extrajudiciais";"Intervenção para solução de qualquer assunto no terreno amigável, mesmo quando for de valor inestimável";"3081,42";"3,55"
"Atividades avulsas ou extrajudiciais";"Intervenção para solução de qualquer assunto no terreno amigável, mesmo quando for de valor inestimável - a) Havendo interesse econômico, 10% desse valor";"";""
"Matéria administrativa";"Sindicância e processo administrativo – acompanhamento/defesa";"3128,26";"3,60"
"Matéria administrativa";"Processo administrativo – recurso";"6082,72";"7,00"
"Matéria administrativa";"Ação ou defesa – fase administrativa";"10427,52";"12,00"
"Matéria administrativa";"Recurso – fase administrativa";"5213,74";"6,00"
"Matéria administrativa";"Ação ou defesa – fase judicial";"17379,18";"20,00"
"Matéria administrativa";"Recurso – fase judicial";"8689,58";"10,00"
"Atividades em juizados especiais: estadual e federal";"Inicial ou contestação e audiência";"1390,33";"1,60"
"Atividades em juizados especiais: estadual e federal";"Atuação em segunda instância";"1042,75";"1,20"
"Atividades em juizados especiais: estadual e federal";"Sustentação oral perante turmas recursais";"1042,75";"1,20"
"Atividades em matéria cível";"Procedimento ordinário: proposição ou defesa";"6256,51";"7,20"
"Atividades em matéria cível";"Procedimento sumário: proposição ou defesa";"4344,80";"5,00"
"Atividades em matéria cível";"Cumprimento de sentença";"3475,84";"4,00"
"Atividades em matéria cível";"Impugnação ao cumprimento de sentença";"3475,84";"4,00"
"Atividades em matéria cível";"Execução de título extrajudicial";"3475,84";"4,00"
"Atividades em matéria cível";"Impugnação/embargos à execução de título extrajudicial";"3475,84";"4,00"
"Atividades em matéria cível";"Impugnação/embargos à penhora, à arrematação, à adjudicação, ao leilão, de títulos judiciais e extrajudiciais";"3475,84";"4,00"
"Atividades em matéria cível";"Processo cautelar específico: incidental ou preparatório";"3475,84";"4,00"
"Atividades em matéria cível";"Processo cautelar inominado: incidental ou preparatório";"4344,80";"5,00"
"Atividades em matéria cível";"Consignação em pagamento";"4344,80";"5,00"
"Atividades em matéria cível";"Depósito";"3475,84";"4,00"
"Atividades em matéria cível";"Anulação e substituição de título ao portador";"3475,84";"4,00"
"Atividades em matéria cível";"Prestação de contas";"10427,52";"12,00"
"Atividades em matéria cível";"Móvel";"3475,84";"4,00"
"Atividades em matéria cível";"Imóvel: interdito proibitório – manutenção – reintegração";"6082,72";"7,00"
"Atividades em matéria cível";"Nunciação de obra nova";"5392,48";"6,21"
"Atividades em matéria cível";"Usucapião";"6082,72";"7,00"
"Atividades em matéria cível";"Divisão e demarcação";"5392,48";"6,21"
"Atividades em matéria cível";"Embargos de terceiro";"6082,72";"7,00"
"Atividades em matéria cível";"Habilitação";"4344,80";"5,00"
"Atividades em matéria cível";"Restauração de autos";"4344,80";"5,00"
"Atividades em matéria cível";"Das vendas a crédito com reserva de domínio";"4344,80";"5,00"
"Atividades em matéria cível";"Do Juízo arbitral";"5392,48";"6,21"
"Atividades em matéria cível";"Da ação monitória";"3081,41";"3,55"
"Atividades em matéria cível";"Desapropriação direta";"6162,84";"7,09"
"Atividades em matéria cível";"Desapropriação indireta";"10427,52";"12,00"
"Atividades em matéria cível";"Inominada";"4344,80";"5,00"
"Atividades em matéria cível";"Ação de retificação de registro público";"4344,80";"5,00"
"Atividades em matéria cível";"Alvará judicial";"3081,41";"3,55"
"Atividades em matéria cível";"Ação de constituição, extinção de usufruto ou fideicomisso";"4622,13";"5,32"
"Atividades em matéria cível";"Mandado de segurança";"6951,68";"8,00"
"Atividades em matéria cível";"Ação ordinária de despejo";"5392,48";"6,21"
"Atividades em matéria cível";"Ação renovatória de locação";"5392,48";"6,21"
"Atividades em matéria cível";"Ação de revisão e/ou arbitramento de aluguel";"5392,48";"6,21"
"Atividades em matéria cível";"Ação de consignação de aluguel";"4344,80";"5,00"
"Atividades em matéria cível";"Atos/acompanhamento despejo/reintegração";"3475,84";"4,00"
"Atividades em matéria cível";"Ação de dissolução de sociedade";"6951,68";"8,00"
"Atividades em matéria cível";"Ação de cancelamento de protesto";"4344,80";"5,00"
"Atividades em matéria cível";"Mandado de injunção";"4344,80";"5,00"
"Atividades em matéria cível";"Habeas data";"4344,80";"5,00"
"Atividades em matéria cível";"Ação negatória ou de abstenção de uso de matéria de propriedade intelectual";"18248,15";"21,00"
"Atividades em matéria cível";"Ação indenizadora por prejuízos decorrentes de contrafação ou crime em matéria de propriedade intelectual";"12165,43";"14,00"
"Atividades em matéria cível";"Busca e apreensão em matéria de propriedade intelectual";"14772,31";"17,00"
"Atividades em matéria cível";"Procedimentos administrativos de propriedade intelectual: depósitos de marca ou patente, oposição, recursos, revisão, caducidade, nulidade etc.";"5392,48";"6,21"
"Atividades em matéria cível";"Análise da documentação e pedido de registro de loteamento ou desmembramento, por grupo de dez lotes";"4344,80";"5,00"
"Atividades em matéria cível";"Opção de nacionalidade";"3475,84";"4,00"
"Atividades em matéria de insolvência, falências e recuperação de empresas";"Pedido de falência e acompanhamento até a decretação";"5213,74";"6,00"
"Atividades em matéria de insolvência, falências e recuperação de empresas";"Ação de restituição e ação reivindicatória, até a decisão final";"5213,74";"6,00"
"Atividades em matéria de insolvência, falências e recuperação de empresas";"Pedido de recuperação de empresa";"9244,25";"10,64"
"Atividades em matéria de insolvência, falências e recuperação de empresas";"Pedido de declaração de insolvência";"4344,80";"5,00"
"Atividades em matéria de insolvência, falências e recuperação de empresas";"Habilitação tempestiva ou retardatária e divergência de crédito";"4344,80";"5,00"
"Atividades em matéria de insolvência, falências e recuperação de empresas";"Representação do falido (sobre o montante do passivo)";"8689,58";"10,00"
"Atividades em matéria de insolvência, falências e recuperação de empresas";"Representação do devedor insolvente (sobre o montante do passivo)";"8689,58";"10,00"
"Atividades em matéria de insolvência, falências e recuperação de empresas";"Representação do administrador judicial na falência ou na recuperação judicial";"10427,52";"12,00"
"Atividades em matéria de família e sucessões";"Divórcio Judicial - a) Consensual";"7820,64";"9,00"
"Atividades em matéria de família e sucessões";"Divórcio Judicial - b) Cumulado com alimentos e/ou bens, acrescido do percentual";"7820,64";"9,00"
"Atividades em matéria de família e sucessões";"Divórcio Judicial - c) Litigioso";"12165,42";"14,00"
"Atividades em matéria de família e sucessões";"Divórcio Judicial - d) Cumulado com alimentos e/ou bens, acrescido do percentual";"12165,42";"14,00"
"Atividades em matéria de família e sucessões";"Reconvenção em divórcio";"12165,42";"14,00"
"Atividades em matéria de família e sucessões";"Ação anulatória de separação judicial, divórcio e/ou rescisória (acrescido do percentual sobre o patrimônio)";"11968,22";"13,77"
"Atividades em matéria de família e sucessões";"Divórcio extrajudicial em cartório (acrescido do percentual sobre alimentos, patrimônio e/ou quinhão)";"4344,80";"5,00"
"Atividades em matéria de família e sucessões";"Dissolução de união estável - a) Consensual";"7820,64";"9,00"
"Atividades em matéria de família e sucessões";"Dissolução de união estável - b) Cumulada com alimentos e/ou bens, acrescida do percentual";"7820,64";"9,00"
"Atividades em matéria de família e sucessões";"Dissolução de união estável - c) Litigiosa";"12165,42";"14,00"
"Atividades em matéria de família e sucessões";"Dissolução de união estável - d) Cumulada com alimentos e/ou bens, acrescida do percentual";"12165,42";"14,00"
"Atividades em matéria de família e sucessões";"Investigação de paternidade cumulada - a) com petição de herança, acrescida do percentual sobre o quinhão";"12165,42";"14,00"
"Atividades em matéria de família e sucessões";"Investigação de paternidade cumulada - b) com petição de alimentos, acrescida do percentual sobre o valor da causa";"12165,42";"14,00"
"Atividades em matéria de família e sucessões";"Ação negatória de paternidade";"14772,31";"17,00"
"Atividades em matéria de família e sucessões";"Ação negatória de paternidade - a) Ação rescisória de paternidade";"14772,31";"17,00"
"Atividades em matéria de família e sucessões";"Ação de nulidade ou anulação de casamento";"14772,31";"17,00"
"Atividades em matéria de família e sucessões";"Ação de alimentos: provisórios – provisionais (majoração – redução – exoneração) e ação revisional de alimentos";"2606,88";"3,00"
"Atividades em matéria de família e sucessões";"Ação de alimentos: provisórios – provisionais (majoração – redução – exoneração) e ação revisional de alimentos - a) Proposição e/ou contestação – valor de 3 (três) pensões mensais";"2606,88";"3,00"
"Atividades em matéria de família e sucessões";"Execução de alimentos – pena de prisão/penhora";"2606,88";"3,00"
"Atividades em matéria de família e sucessões";"Execução de alimentos – pena de prisão/penhora - a) Proposição e/ou contestação: valor de 3 (três) pensões mensais";"";""
"Atividades em matéria de família e sucessões";"Curatela";"10427,52";"12,00"
"Atividades em matéria de família e sucessões";"Tutela";"10427,52";"12,00"
"Atividades em matéria de família e sucessões";"Emancipação ou suprimento";"4344,80";"5,00"
"Atividades em matéria de família e sucessões";"Suprimento judicial de outorga de consentimento";"6082,72";"7,00"
"Atividades em matéria de família e sucessões";"Adoção - a) Por nacional";"8689,58";"10,00"
"Atividades em matéria de família e sucessões";"Adoção - b) Por estrangeiro";"16510,22";"19,00"
"Atividades em matéria de família e sucessões";"Ações cautelares – Direito de Família";"";""
"Atividades em matéria de família e sucessões";"Ações cautelares – Direito de Família - a) Arrolamento de bens";"6082,72";"7,00"
"Atividades em matéria de família e sucessões";"Ações cautelares – Direito de Família - b) Busca e apreensão de crianças e adolescentes ou bens";"6082,72";"7,00"
"Atividades em matéria de família e sucessões";"Ações cautelares – Direito de Família - c) Guarda provisória";"6082,72";"7,00"
"Atividades em matéria de família e sucessões";"Ações cautelares – Direito de Família - d) Regulamentação de visitas";"6082,72";"7,00"
"Atividades em matéria de família e sucessões";"Ações cautelares – Direito de Família - e) Separação de corpos";"6082,72";"7,00"
"Atividades em matéria de família e sucessões";"Ações cautelares – Direito de Família - f) Sequestro de bens";"7820,64";"9,00"
"Atividades em matéria de família e sucessões";"Ação ordinária de regulamentação de visitas";"7820,64";"9,00"
"Atividades em matéria de família e sucessões";"Ação ordinária de busca e apreensão de crianças e adolescentes";"7820,64";"9,00"
"Atividades em matéria de família e sucessões";"Ação de interdição ou levantamento";"8689,58";"10,00"
"Atividades em matéria de família e sucessões";"Ação de alteração de guarda";"6082,72";"7,00"
"Atividades em matéria de família e sucessões";"Habeas corpus (prisão civil)";"16510,22";"19,00"
"Atividades em matéria de família e sucessões";"Desconsideração da personalidade jurídica";"10427,52";"12,00"
"Atividades em matéria de família e sucessões";"Inventário, arrolamento e sobrepartilha judicial - a) Sem litígio: 8% sobre o valor real do monte-mor ou sobre o valor real do quinhão de cada herdeiro";"6082,72";"7,00"
"Atividades em matéria de família e sucessões";"Inventário, arrolamento e sobrepartilha judicial - b) Com litígio: 10% sobre o valor real do monte-mor ou sobre o valor real do quinhão de cada herdeiro";"6082,72";"7,00"
"Atividades em matéria de família e sucessões";"Inventário, arrolamento e sobrepartilha judicial - c) Sobrepartilha: aplicam-se os mesmos índices do inventário ou arrolamento";"";""
"Atividades em matéria de família e sucessões";"Inventário negativo";"4344,80";"5,00"
"Atividades em matéria de família e sucessões";"Inventário, arrolamento e sobrepartilha extrajudicial - a) 6% sobre o valor real do monte-mor ou 6% sobre o valor real do quinhão de cada herdeiro";"4344,80";"5,00"
"Atividades em matéria de família e sucessões";"Reserva de bens";"4344,80";"5,00"
"Atividades em matéria de família e sucessões";"Remoção de inventariante";"10427,52";"12,00"
"Atividades em matéria de família e sucessões";"Ação de colação";"6082,72";"7,00"
"Atividades em matéria de família e sucessões";"Ação de doação inoficiosa – 10% sobre os bens excedentes";"6082,72";"7,00"
"Atividades em matéria de família e sucessões";"Ação de sonegados";"10427,52";"12,00"
"Atividades em matéria de família e sucessões";"Ação de nulidade de testamento";"12165,42";"14,00"
"Atividades em matéria de família e sucessões";"Ação anulatória de testamento";"12165,42";"14,00"
"Atividades em matéria de família e sucessões";"Ação de nulidade de partilha";"12165,42";"14,00"
"Atividades em matéria de família e sucessões";"Ação de habilitação de herdeiros (sobre o valor habilitado)";"4344,80";"5,00"
"Atividades em matéria de família e sucessões";"Ação de habilitação de crédito (sobre o valor habilitado)";"4344,80";"5,00"
"Atividades em matéria de família e sucessões";"Ação declaratória de indignidade (sobre o valor do quinhão do excluído)";"8168,22";"9,40"
"Atividades em matéria de família e sucessões";"Ação declaratória de deserdação (sobre o quinhão do deserdado)";"8168,22";"9,40"
"Atividades em matéria de família e sucessões";"Retificação de partilha";"4344,80";"5,00"
"Atividades em matéria de família e sucessões";"Minuta de testamento e/ou assistência ao ato e a abertura de testamento";"6082,72";"7,00"
"Atividades em matéria previdenciária";"Concessão ou restabelecimento de aposentadoria, auxílio-acidente, pensão por morte e benefícios assistenciais (BPC)";"3503,16";"4,03"
"Atividades em matéria previdenciária";"Concessão ou restabelecimento de auxílio-doença ou auxílio-reclusão";"1167,72";"1,34"
"Atividades em matéria previdenciária";"Concessão de salário-maternidade";"1167,72";"1,34"
"Atividades em matéria previdenciária";"Revisão de benefício";"3503,16";"4,03"
"Atividades em matéria previdenciária";"Solicitação e expedição de Certidão de Tempo de Contribuição";"2606,88";"3,00"
"Atividades em matéria previdenciária";"Justificação administrativa, além do valor bruto do benefício";"3475,84";"4,00"
"Atividades em matéria previdenciária";"Retificação e atualização do Cadastro Nacional de Informações Sociais – CNIS";"2606,88";"3,00"
"Atividades em matéria previdenciária";"Regularização de recolhimento previdenciário";"2606,88";"3,00"
"Atividades em matéria previdenciária";"Cálculo e planejamento previdenciário";"3475,84";"4,00"
"Atividades em matéria previdenciária";"Atuação somente a partir da fase recursal";"3475,84";"4,00"
"Atividades em matéria previdenciária";"Procedimento visando à restituição de valores indevidamente cobrados e/ou declaração de inexigibilidade dos valores cobrados pelo gestor do regime previdenciário, inclusive no caso de benefício de prestação continuada da LOAS, bem como repetição de indébito";"3475,84";"4,00"
"Atividades em matéria previdenciária";"Sustentação oral perante órgãos recursais administrativos";"1737,92";"2,00"
"Atividades em matéria previdenciária";"Realização de defesa administrativa para evitar a suspensão do benefício previdenciário ou assistencial";"3475,84";"4,00"
"Atividades em matéria previdenciária";"Parecer jurídico solicitado por entidades sindicais, associações, gestores de regimes previdenciários e outras pessoas jurídicas";"8689,60";"10,00"
"Atividades em matéria previdenciária";"Retificação de PPP";"1545,51";"1,78"
"Atividades em matéria previdenciária";"Pedido e organização de formulários previdenciários (PPP, LTCAT)";"1545,51";"1,78"
"Atividades em matéria previdenciária";"Ação de concessão ou restabelecimento de aposentadoria, auxílio- acidente, pensão por morte e benefícios assistenciais (BPC)";"3503,16";"4,03"
"Atividades em matéria previdenciária";"Ação de concessão ou restabelecimento de auxílio-doença ou auxílio- reclusão";"1167,72";"1,34"
"Atividades em matéria previdenciária";"Ação para concessão de salário-maternidade";"1167,72";"1,34"
"Atividades em matéria previdenciária";"Ação de revisão de benefício";"3503,16";"4,03"
"Atividades em matéria previdenciária";"Ação para requerer expedição de Certidão de Tempo de Contribuição";"3475,84";"4,00"
"Atividades em matéria previdenciária";"Ação de reconhecimento de tempo de serviço/contribuição";"3475,84";"4,00"
"Atividades em matéria previdenciária";"Ação ou contestação visando à manutenção de benefício previdenciário";"3503,16";"4,03"
"Atividades em matéria previdenciária";"Ação visando à restituição de valores indevidamente cobrados e/ou declaração de inexigibilidade dos valores cobrados pelo gestor do regime previdenciário, inclusive no caso de benefício de prestação continuada da LOAS, bem como repetição de indébito;";"3475,84";"4,00"
"Atividades em matéria previdenciária";"Mandado de injunção e habeas data individual";"5213,76";"6,00"
"Atividades em matéria previdenciária";"Mandado de segurança individual";"5213,76";"6,00"
"Atividades em matéria previdenciária";"Ação rescisória";"5213,76";"6,00"
"Atividades em matéria previdenciária";"Sustentação oral";"1737,92";"2,00"
"Atividades em matéria previdenciária";"Ações coletivas";"5213,76";"6,00"
"Atividades em matéria previdenciária";"Atuação somente a partir da fase recursal";"3503,16";"4,03"
"Atividades em matéria previdenciária";"Consultoria mensal sem vínculo empregatício:";"868,96";"1,00"
"Atividades em matéria previdenciária";"Para empresas com até 20 empregados";"3475,84";"4,00"
"Atividades em matéria previdenciária";"Para empresas com 21 a 40 empregados";"6951,68";"8,00"
"Atividades em matéria previdenciária";"Para empresas com acima de 41 empregados";"8689,60";"10,00"
"Atividades em matéria previdenciária";"Parecer sobre interpretação de normas previdenciárias, planejamento previdenciário ou qualquer tipo enquadramento realizado pelo MPS ou INSS";"8689,60";"10,00"
"Atividades em matéria previdenciária";"Atuação em Processo Administrativo – Acidente do Trabalho";"5213,76";"6,00"
"Atividades em matéria previdenciária";"Atuação em Processo Administrativo Fase Recursal – Acidente do Trabalho";"2606,88";"3,00"
"Atividades em matéria previdenciária";"Atuação no Programa de Reabilitação Profissional junto ao INSS";"5213,76";"6,00"
"Atividades em matéria previdenciária";"Contestação FAP";"8689,60";"10,00"
"Atividades em matéria previdenciária";"Atuação em Ação de Acidente do Trabalho como Terceiro Interveniente Interessado";"5213,76";"6,00"
"Atividades em matéria previdenciária";"Ação de Descaracterização de Acidente do Trabalho";"5213,76";"6,00"
"Atividades em matéria previdenciária";"Ação de Redução Alíquota FAP/SAT";"5213,76";"6,00"
"Atividades em matéria previdenciária";"Ação de Repetição Indébito ou Compensação";"5213,76";"6,00"
"Atividades em matéria previdenciária";"Defesa em Ação Regressiva Previdenciária – Acidente do Trabalho";"5213,76";"6,00"
"Atividades em matéria previdenciária";"Defesa em ação penal de apropriação indébito previdenciário";"8378,99";"9,64"
"Atividades em matéria trabalhista";"Patrocínio de reclamante: sobre o valor econômico da questão ou da condenação, ou do acordo";"1737,91";"2,00"
"Atividades em matéria trabalhista";"Acréscimo no caso de recurso ordinário";"1216,54";"1,40"
"Atividades em matéria trabalhista";"Acréscimo no caso de recurso de revista e/ou contrarrazões";"1216,54";"1,40"
"Atividades em matéria trabalhista";"Patrocínio do reclamado: sobre o valor real do pedido ou do valor econômico da questão com pagamento no início da ação";"4344,80";"5,00"
"Atividades em matéria trabalhista";"Acréscimo no caso de recurso ordinário sobre o valor do pedido";"3128,26";"3,60"
"Atividades em matéria trabalhista";"Acréscimo no caso de recurso de revista sobre o valor do pedido e/ou contrarrazões";"4344,80";"5,00"
"Atividades em matéria trabalhista";"Execução de sentença ou embargos - a) Como mandatário específico para o ato";"4344,80";"5,00"
"Atividades em matéria trabalhista";"Execução de sentença ou embargos - b) Se já for mandatário da causa principal, acrescer";"2085,51";"2,40"
"Atividades em matéria trabalhista";"Processos cautelares - a) Como medida autônoma";"3128,26";"3,60"
"Atividades em matéria trabalhista";"Processos cautelares - b) Para reintegração de empregado";"5213,74";"6,00"
"Atividades em matéria trabalhista";"Pedido de homologação judicial de demissão de estável e de transação com opção pelo FGTS (Fundo de Garantia por Tempo de Serviço) sobre o valor da transação";"4344,80";"5,00"
"Atividades em matéria trabalhista";"Pedido de assistência à demissão de empregado estável, sobre o valor da transação";"4344,80";"5,00"
"Atividades em matéria trabalhista";"Dissídios coletivos: representação em dissídio, acordo ou convenção coletiva";"";""
"Atividades em matéria trabalhista";"De empresa de até 100 empregados";"8689,58";"10,00"
"Atividades em matéria trabalhista";"De empresa de 101 até 300 empregados";"10427,52";"12,00"
"Atividades em matéria trabalhista";"De empresa de 301 até 600 empregados";"12165,42";"14,00"
"Atividades em matéria trabalhista";"De empresa com mais de 600 empregados";"16510,22";"19,00"
"Atividades em matéria trabalhista";"De sindicato com até 50 empresas";"12165,42";"14,00"
"Atividades em matéria trabalhista";"De sindicato com mais de 50 empresas";"20855,02";"24,00"
"Atividades em matéria trabalhista";"De sindicato de empregados: aplicam-se os mesmos valores acima ou valor recolhido pelo sindicato, a título de contribuição assistencial";"";""
"Atividades em matéria trabalhista";"O inquérito judicial para a apuração de falta grave de empregado - a) Defesa do empregado";"3475,84";"4,00"
"Atividades em matéria trabalhista";"O inquérito judicial para a apuração de falta grave de empregado - b) Propositura do inquérito";"6082,72";"7,00"
"Atividades em matéria trabalhista";"Consultoria, sem vínculo empregatício, de sindicato de trabalhadores - a) Na reclamatória do associado, sobre o valor auferido";"4344,80";"5,00"
"Atividades em matéria trabalhista";"Consultoria, sem vínculo empregatício, de sindicato de trabalhadores - b) Na reclamatória do não associado, sobre o valor auferido";"4344,80";"5,00"
"Atividades em matéria trabalhista";"Consultoria, sem vínculo empregatício, de empresas com menos de 50 empregados";"8689,58";"10,00"
"Atividades em matéria trabalhista";"Consultoria, sem vínculo empregatício, de empresa com mais de 50 empregados";"12165,42";"14,00"
"Atividades em matéria trabalhista";"Habilitação de crédito trabalhista tempestiva/retardatária";"";""
"Atividades em matéria trabalhista";"Ação de indenização por acidente de trabalho – 20% a 30% sobre o valor econômico da questão";"5392,48";"6,21"
"Atividades em matéria fiscal e tributária";"Procedimento ou defesa administrativa – 1ª instância";"4344,80";"5,00"
"Atividades em matéria fiscal e tributária";"Procedimento ou defesa administrativa – 2ª instância";"4344,80";"5,00"
"Atividades em matéria fiscal e tributária";"Parecer sobre interpretação de normas tributárias, planejamento tributário ou qualquer tipo de lançamento realizado contra o interessado pelo fisco";"8689,58";"10,00"
"Atividades em matéria fiscal e tributária";"Ação anulatória de débito tributário (sobre o montante excluído)";"10427,52";"12,00"
"Atividades em matéria fiscal e tributária";"Defesa em execução de natureza fiscal, sobre o valor da ação";"10427,52";"12,00"
"Atividades em matéria fiscal e tributária";"Ação de repetição de indébito (sobre o montante repetido)";"8689,58";"10,00"
"Atividades em matéria fiscal e tributária";"Liberação de mercadorias";"4344,80";"5,00"
"Atividades em matéria fiscal e tributária";"Outros procedimentos em matéria fiscal ou tributária";"4344,80";"5,00"
"Atividades em matéria fiscal e tributária";"Consultoria sem vínculo empregatício, na esfera administrativa e/ou judicial - a) Micro e pequena Empresa";"2085,51";"2,40"
"Atividades em matéria fiscal e tributária";"Consultoria sem vínculo empregatício, na esfera administrativa e/ou judicial - b) Ltda.";"6082,72";"7,00"
"Atividades em matéria fiscal e tributária";"Consultoria sem vínculo empregatício, na esfera administrativa e/ou judicial - c) S/A";"10427,52";"12,00"
"Atividades em matéria fiscal e tributária";"Consultoria sem vínculo empregatício, na esfera administrativa e/ou judicial - d) Demais entidades (ex.: cooperativas, sociedades civis etc.)";"4344,80";"5,00"
"Atividades em matéria de consumidor";"Procedimento ou defesa administrativa sobre o valor econômico envolvido, como mandatário da empresa";"6082,72";"7,00"
"Atividades em matéria de consumidor";"Parecer sobre normas de relação de consumo";"4344,80";"5,00"
"Atividades em matéria de consumidor";"Ação movida pelo consumidor, visando responsabilizar o fornecedor pelo fato do produto e do serviço";"6082,72";"7,00"
"Atividades em matéria de consumidor";"Ação movida pelo consumidor, visando responsabilizar o fornecedor por vício do produto e do serviço";"6082,72";"7,00"
"Atividades em matéria de consumidor";"Ação movida pelo consumidor, visando responsabilizar o fornecedor por publicidade enganosa ou abusiva";"6082,72";"7,00"
"Atividades em matéria de consumidor";"Ação movida pelo consumidor, visando à nulidade de cláusulas abusivas constantes em contratos de consumo";"6082,72";"7,00"
"Atividades em matéria de consumidor";"Defesa em ação judicial movida pelo consumidor, sobre o valor atualizado da ação";"10427,52";"12,00"
"Atividades em matéria de consumidor";"Atuação em audiência isolada, para coleta de prova oral";"2433,09";"2,80"
"Atividades em matéria de consumidor";"De entidade civil de consumidores";"4344,80";"5,00"
"Atividades em matéria de consumidor";"De associação de fornecedores";"6082,72";"7,00"
"Atividades em matéria de consumidor";"De sindicato de categoria econômica de consumidores e de fornecedores";"8689,58";"10,00"
"Atividades em matéria de consumidor";"De empresas de pequeno porte";"6951,68";"8,00"
"Atividades em matéria de consumidor";"De empresas de médio porte";"9558,54";"11,00"
"Atividades em matéria de consumidor";"De empresas de grande porte";"12165,42";"14,00"
"Atividades em matéria de consumidor";"Entidade civil de consumidores";"10427,52";"12,00"
"Atividades em matéria de consumidor";"De associações de fornecedores";"10427,52";"12,00"
"Atividades em matéria de consumidor";"De sindicato de categoria econômica de consumidores e fornecedores";"13034,38";"15,00"
"Atividades em matéria ambiental e urbanística";"Análise dos aspectos ambientais e/ou urbanísticos de contrato";"3475,84";"4,00"
"Atividades em matéria ambiental e urbanística";"Procedimentos ou defesa administrativa, inclusive auto de infração, sobre o valor econômico";"5213,74";"6,00"
"Atividades em matéria ambiental e urbanística";"Atuação ou acompanhamento de licenciamento ou certificação ambiental ou urbanística";"8689,58";"10,00"
"Atividades em matéria ambiental e urbanística";"Processo contencioso - a) Defesa em inquérito civil";"8689,58";"10,00"
"Atividades em matéria ambiental e urbanística";"Processo contencioso - b) Defesa em processo civil";"12165,42";"14,00"
"Atividades em matéria ambiental e urbanística";"Atuação em inquérito civil público ou ação civil pública";"17379,18";"20,00"
"Atividades em matéria ambiental e urbanística";"Atuação em audiência isolada para coleta de prova";"2433,09";"2,80"
"Atividades em matéria ambiental e urbanística";"Acompanhamento de estudos ambientais ou urbanísticos, sobre projeto ambiental ou urbanístico ou qualquer tipo de lançamento realizado contra o interessado";"10427,52";"12,00"
"Atividades em matéria ambiental e urbanística";"Parecer sobre interpretação de normas ambientais ou urbanísticas, sobre projeto ambiental ou qualquer tipo de lançamento realizado contra o interessado";"6951,68";"8,00"
"Atividades em matéria ambiental e urbanística";"Processo-crime ambiental";"20855,02";"24,00"
"Atividades em matéria ambiental e urbanística";"Atuação em audiência pública em matéria ambiental e urbanística";"3081,41";"3,55"
"Atividades em matéria ambiental e urbanística";"Assessoria em regularização ambiental ou fundiária";"";""
"Atividades em matéria ambiental e urbanística";"Atuação na licitação de concessão florestal, parques ambientais e parques urbanos em todas as fases";"";""
"Atividades em matéria ambiental e urbanística";"Atuação na licitação de concessão florestal em apenas uma ou algumas fases específicas";"6082,73";"7,00"
"Atividades em matéria ambiental e urbanística";"Atuação no processo administrativo do contrato administrativo de concessão florestal, parques ambientais e parques urbanos.";"15641,27";"18,00"
"Atividades em matéria ambiental e urbanística";"Acompanhamento e negociação e Termos de Compromisso em matéria ambiental ou urbanística";"5213,75";"6,00"
"Atividades em matéria ambiental e urbanística";"Ação popular";"";""
"Atividades em matéria ambiental e urbanística";"Mandado de segurança em matéria ambiental ou urbanística";"";""
"Atividades em matéria ambiental e urbanística";"Ação anulatória de auto de infração";"";""
"Atividades em matéria ambiental e urbanística";"Embargos à execução";"";""
"Atividades em matéria ambiental e urbanística";"Embargos de terceiro";"";""
"Atividades em matéria ambiental e urbanística";"Tutelas de urgência em matéria ambiental ou urbanística";"";""
"Atividades em matéria ambiental e urbanística";"Atuação como ‘amicus curiae’ em processo de natureza ambiental ou urbanística";"";""
"Atividades em matéria ambiental e urbanística";"Assessoria e consultoria em ‘compliance’ ambiental ou urbanística";"10427,52";"12,00"
"Atividades em matéria ambiental e urbanística";"Assessoria e consultoria em ESG";"17379,18";"20,00"
"Atividades em matéria ambiental e urbanística";"Assessoria e consultoria em ‘due diligence’ ambiental ou urbanística";"5213,75";"6,00"
"Atividades em matéria ambiental e urbanística";"Assessoria e consultoria em questões de sustentabilidade";"3081,41";"3,55"
"Atividades em matéria ambiental e urbanística";"Participação em audiência púbica";"1545,51";"1,78"
"Atividades em matéria ambiental e urbanística";"Participação em reuniões técnicas em órgãos urbano e ambientais";"875,64";"1,01"
"Atividades em matéria eleitoral";"Representação ou impugnação";"10427,52";"12,00"
"Atividades em matéria eleitoral";"Defesa em processo eleitoral (investigação judicial ou impugnação de mandato)";"16510,22";"19,00"
"Atividades em matéria eleitoral";"Defesa por crime eleitoral";"24330,86";"28,00"
"Atividades em matéria eleitoral";"Outros procedimentos ou atos perante a Justiça Eleitoral";"8689,58";"10,00"
"Atividades em matéria penal";"Diligência em termo circunstanciado de Juizados Especiais Criminais – horário diurno (das 7 às 19 horas)";"2311,05";"2,66"
"Atividades em matéria penal";"Diligência em termo circunstanciado de Juizados Especiais Criminais – horário noturno (das 19h às 7h)";"4171,01";"4,80"
"Atividades em matéria penal";"Atuação em inquérito policial (e outras investigações criminais) desde a instauração de portaria até a apresentação de relatório final";"10427,52";"12,00"
"Atividades em matéria penal";"Ato judicial";"5213,74";"6,00"
"Atividades em matéria penal";"Atos em órgãos policiais – horário diurno (das 7 às 19h)";"2085,51";"2,40"
"Atividades em matéria penal";"Atos em órgãos policiais – horário noturno (das 19 às 7h)";"5213,74";"6,00"
"Atividades em matéria penal";"Exame de processo penal com parecer verbal";"6082,72";"7,00"
"Atividades em matéria penal";"Defesa em procedimento sumário (desde a denúncia até a publicação da sentença)";"12165,42";"14,00"
"Atividades em matéria penal";"Defesa em procedimento comum (desde a denúncia até a publicação da sentença)";"16510,22";"19,00"
"Atividades em matéria penal";"Defesa em procedimentos especiais (desde a denúncia até a publicação da sentença)";"24330,86";"28,00"
"Atividades em matéria penal";"Defesa em procedimentos especiais, com foro privilegiado (desde a denúncia até a publicação da sentença)";"36496,28";"42,00"
"Atividades em matéria penal";"Defesa em procedimento de júri (desde a denúncia até a sentença de pronúncia)";"36496,28";"42,00"
"Atividades em matéria penal";"Defesa em procedimento de júri: atuação em plenário e recursos inerentes no Tribunal do Estado";"36496,28";"42,00"
"Atividades em matéria penal";"Pela representação";"6082,72";"7,00"
"Atividades em matéria penal";"Pelo acompanhamento";"9210,96";"10,60"
"Atividades em matéria penal";"Defesa em processo de execução penal";"12165,42";"14,00"
"Atividades em matéria penal";"Pedido de suspensão condicional da pena, de reabilitação, de explicações (interpelação judicial), de liberdade provisória, de relaxamento de flagrante ou concessão de fiança";"8168,22";"9,40"
"Atividades em matéria penal";"Pedido de concessão de graça, indulto, anistia, comutação de penas, livramento condicional, unificação de penas, revogação de medida de segurança, prisão albergue, prisão domiciliar, progressão de regime ou qualquer pedido incidental de benefício em processo de execução penal";"8168,22";"9,40"
"Atividades em matéria penal";"Acompanhamento de busca e apreensão";"5213,74";"6,00"
"Atividades em matéria penal";"Acompanhamento de busca e apreensão em procedimento de crime contra a propriedade imaterial";"10427,52";"12,00"
"Atividades em matéria penal";"Impetração de ação autônoma de habeas corpus preventivo ou liberatório";"16510,22";"19,00"
"Atividades em matéria penal";"Impetração de ação autônoma de habeas corpus preventivo ou liberatório, em horário de plantão";"24330,86";"28,00"
"Atividades em matéria penal";"Impetração de ação autônoma de habeas corpus para trancamento de ação penal";"16510,22";"19,00"
"Atividades em matéria penal";"Impetração de ação autônoma de mandado de segurança contra ato jurisdicional penal";"16510,22";"19,00"
"Atividades em matéria penal";"Impetração de ação autônoma de revisão criminal";"16510,22";"19,00"
"Atividades em matéria penal";"Atuação em segundo grau - a) interposição de apelação";"12165,42";"14,00"
"Atividades em matéria penal";"Atuação em segundo grau - b) elaboração e apresentação de memoriais";"6082,72";"7,00"
"Atividades em matéria penal";"Atuação em segundo grau - c) sustentação oral";"6082,72";"7,00"
"Atividades em matéria penal";"Atuação em segundo grau - d) embargos infringentes";"6082,72";"7,00"
"Atividades em matéria penal";"Atuação em segundo grau - e) embargos declaratórios";"5213,74";"6,00"
"Atividades em matéria penal";"Atuação em segundo grau - f) Agravo em execução penal";"7661,85";"8,82"
"Atividades em matéria penal";"Atuação em segundo grau - g) Impetração de habeas corpus perante os Tribunais Superiores em sede de execução penal (nas hipóteses de cabimento)";"16418,25";"18,89"
"Atividades em matéria penal";"Atuação em segundo grau - h) Atendimento ao cliente preso /a pelo sistema de videoconferência";"547,28";"0,63"
"Atividades em matéria penal";"Atuação em segundo grau - i) Atuação em sindicância no âmbito da administração Penitenciária, por acusação e falta disciplina – fase administrativa";"3830,93";"4,41"
"Atividades em matéria penal";"Atuação em segundo grau - j) Atuação em sindicância no âmbito da administração Penitenciária, por acusação e falta disciplina – fase judicial (1ª. Instância)";"5472,75";"6,30"
"Atividades em matéria penal";"Atuação em segundo grau - k) Pedido de transferência entre unidades prisionais do Estado de São Paulo, no âmbito da Administração Penitenciária";"3283,65";"3,78"
"Atividades em matéria penal";"Atuação em segundo grau - l) Pedido de transferência para unidade prisional de outro Estado da Federação";"7661,85";"8,82"
"Atividades em matéria penal";"Atuação em processo relativo ao Estatuto da Criança e do Adolescente";"14250,93";"16,40"
"Atividades em matéria penal";"Cumprimento de precatória";"3128,26";"3,60"
"Atividades em matéria penal";"Atuação em audiência por nomeação de juiz";"3128,26";"3,60"
"Atividades em matéria de justiça militar";"Atuação em inquérito policial militar (e outras investigações criminais) desde a instauração de portaria até a apresentação de relatório final";"10427,52";"12,00"
"Atividades em matéria de justiça militar";"Ato judicial";"5213,75";"6,00"
"Atividades em matéria de justiça militar";"Atos em órgãos policiais – horário diurno (das 7 às 19 horas)";"2085,51";"2,40"
"Atividades em matéria de justiça militar";"Atos em órgãos policiais – horário noturno (das 19 às 7 horas)";"5213,75";"6,00"
"Atividades em matéria de justiça militar";"Exame de processo penal militar com parecer verbal";"6082,72";"7,00"
"Atividades em matéria de justiça militar";"Defesa em procedimento comum (desde a denúncia até a publicação da sentença)";"15657,32";"18,02"
"Atividades em matéria de justiça militar";"Defesa em procedimentos especiais (desde a denúncia até a publicação da sentença)";"23073,95";"26,55"
"Atividades em matéria de justiça militar";"Assistência à acusação (os mesmos valores aplicados à defesa)";"";""
"Atividades em matéria de justiça militar";"Atuação em processo de execução penal";"12165,43";"14,00"
"Atividades em matéria de justiça militar";"Impetração de ação autônoma de habeas corpus preventivo ou liberatório";"16510,22";"19,00"
"Atividades em matéria de justiça militar";"Impetração de ação autônoma de habeas corpus preventivo ou liberatório (em horário de plantão)";"24330,86";"28,00"
"Atividades em matéria de justiça militar";"Impetração de ação autônoma de habeas corpus para trancamento de ação penal";"16510,22";"19,00"
"Atividades em matéria de justiça militar";"Impetração de ação autônoma de mandado de segurança contra ato jurisdicional penal";"16510,22";"19,00"
"Atividades em matéria de justiça militar";"Atuação em 2º grau – Justiça Militar - a) interposição de apelação (razões e contrarrazões)";"11536,97";"13,28"
"Atividades em matéria de justiça militar";"Atuação em 2º grau – Justiça Militar - b) elaboração e apresentação de memoriais";"5768,49";"6,64"
"Atividades em matéria de justiça militar";"Atuação em 2º grau – Justiça Militar - c) sustentação oral";"5768,49";"6,64"
"Atividades em matéria de justiça militar";"Atuação em 2º grau – Justiça Militar - d) embargos infringentes";"5768,49";"6,64"
"Atividades em matéria de justiça militar";"Atuação em 2º grau – Justiça Militar - e) embargos declaratórios";"4944,41";"5,69"
"Atividades em matéria de justiça militar";"Atuação em 2º grau – Justiça Militar - f) correição parcial (razões e contrarrazões)";"5768,49";"6,64"
"Atividades em matéria de justiça militar";"Atuação em 2º grau – Justiça Militar - g) recurso em sentido estrito (razões e contrarrazões)";"5768,49";"6,64"
"Atividades em matéria de justiça militar";"Atuação em 2º grau – Justiça Militar - h) reclamação";"5768,49";"6,64"
"Atividades em matéria de justiça militar";"Atuação em 2º grau – Justiça Militar - i) revisão";"5768,49";"6,64"
"Atividades em matéria de justiça militar";"Atuação em 2º grau – Justiça Militar - j) atuação em processos de competência originária do Tribunal";"15657,32";"18,02"
"Atividades em matéria de trânsito";"Assistência a defesa prévia e recursos de infração de trânsito";"521,37";"0,60"
"Atividades em matéria de trânsito";"Suspensão do direito de dirigir por pontuação";"1172,18";"1,35"
"Atividades em matéria de trânsito";"Suspensão do direito de dirigir por infração que preveja essa penalidade administrativa";"2085,51";"2,40"
"Atividades em matéria de trânsito";"Sumário de Centro de Formação de Condutores";"4344,80";"5,00"
"Atividades em matéria de trânsito";"Sumário de Centro de Remoção e Depósito";"4344,80";"5,00"
"Atividades em matéria de trânsito";"Sumário de Centro de Registros de Veículos Automotores";"4344,80";"5,00"
"Atividades em matéria de trânsito";"Perante o Departamento Estadual de Trânsito/Conselho Estadual de Trânsito";"4344,80";"5,00"
"Atividades em matéria de trânsito";"Ação ou defesa";"6951,68";"8,00"
"Atividade em matéria desportiva";"Defesa Justiça Desportiva por denunciado (1º grau CD – Pleno do TJD)";"1390,33";"1,60"
"Atividade em matéria desportiva";"Defesa Justiça Desportiva por denunciado (1º grau CD – Pleno do TJD) - a) Defesa Justiça Desportiva por denunciado (2º grau oriundo dos TJDs, CD e Pleno do STJD)";"2780,67";"3,20"
"Atividade em matéria desportiva";"Procedimentos Especiais na Justiça Desportiva";"3475,84";"4,00"
"Atividade em matéria desportiva";"Ação Cível: procedimento ordinário (proposição ou defesa)";"8689,58";"10,00"
"Atividade em matéria desportiva";"Ação Cível: procedimento sumário (proposição ou defesa)";"5213,74";"6,00"
"Atividade em matéria desportiva";"Patrocínio de reclamante (sobre a condenação ou acordo)";"5213,74";"6,00"
"Atividade em matéria desportiva";"Patrocínio de reclamante (sobre a condenação ou acordo) - a) Acréscimo em caso de recurso ordinário";"1737,91";"2,00"
"Atividade em matéria desportiva";"Patrocínio de reclamante (sobre a condenação ou acordo) - b) Acréscimo em caso de recurso de revista";"3475,84";"4,00"
"Atividade em matéria desportiva";"Patrocínio de reclamado (sobre o valor real do pedido)";"5213,74";"6,00"
"Atividade em matéria desportiva";"Patrocínio de reclamado (sobre o valor real do pedido) - a) Acréscimo em caso de recurso ordinário";"1737,91";"2,00"
"Atividade em matéria desportiva";"Patrocínio de reclamado (sobre o valor real do pedido) - b) Acréscimo em caso de recurso de revista";"3475,84";"4,00"
"Atividade em matéria desportiva";"Consultoria jurídica, sem vínculo empregatício, entidade de prática desportiva com mais de 35 atletas e/ou membro(s) de comissão (ões) técnica(s)";"17379,18";"20,00"
"Atividade em matéria desportiva";"Consultoria Jurídica, sem vínculo empregatício, entidade de prática desportiva com menos de 35 atletas e/ou membro(s) de comissão (ões) técnica(s)";"8689,58";"10,00"
"Atividade em matéria desportiva";"Procedimento litigioso na defesa de interesse de cliente (clube, agente, atleta etc.) frente às entidades de administração do desporto – âmbito nacional e regional";"8689,58";"10,00"
"Atividade em matéria desportiva";"Procedimento litigioso na defesa de interesse de cliente (clube, agente, atleta etc.) frente à Fifa e TAS/CAS";"34758,37";"40,00"
"Atividade em matéria desportiva";"Procedimento litigioso na defesa de interesse de cliente (clube, agente, atleta etc.) frente à Fifa e TAS/CAS - a) Participação em painel (audiência/recurso)";"";""
"Atividade em matéria desportiva";"Os valores em matéria desportiva são acrescidos de 20% caso a atuação envolva atletas, clubes e contratos em língua estrangeira";"";""
"Atividades perante tribunais e conselhos";"Procedimentos isolados perante os Tribunais Estaduais e/ou Regionais - a) Recurso de agravo de instrumento";"6082,72";"7,00"
"Atividades perante tribunais e conselhos";"Procedimentos isolados perante os Tribunais Estaduais e/ou Regionais - b) Recurso de apelação ou contrarrazões";"8168,22";"9,40"
"Atividades perante tribunais e conselhos";"Procedimentos isolados perante os Tribunais Estaduais e/ou Regionais - c) Embargos declaratórios ou embargos infringentes";"6082,72";"7,00"
"Atividades perante tribunais e conselhos";"Procedimentos isolados perante os Tribunais Estaduais e/ou Regionais - d) Conflito de jurisdição";"6082,72";"7,00"
"Atividades perante tribunais e conselhos";"Procedimentos isolados perante os Tribunais Estaduais e/ou Regionais - e) Exceção de suspeição";"6082,72";"7,00"
"Atividades perante tribunais e conselhos";"Procedimentos isolados perante os Tribunais Estaduais e/ou Regionais - f) Outros procedimentos";"6082,72";"7,00"
"Atividades perante tribunais e conselhos";"Recursos perante tribunais superiores - a) Recurso especial e extraordinário (interposição/resposta)";"16510,22";"19,00"
"Atividades perante tribunais e conselhos";"Recursos perante tribunais superiores - b) Outros recursos";"12165,42";"14,00"
"Atividades perante tribunais e conselhos";"Recursos perante tribunais superiores - c) Outros procedimentos";"8168,22";"9,40"
"Atividades perante tribunais e conselhos";"Ação rescisória – proposição ou defesa";"10427,52";"12,00"
"Atividades perante tribunais e conselhos";"Mandado de Injunção";"12165,42";"14,00"
"Atividades perante tribunais e conselhos";"Mandado de segurança";"12165,42";"14,00"
"Atividades perante tribunais e conselhos";"Atuação perante Tribunal de Contas";"16510,22";"19,00"
"Atividades perante tribunais e conselhos";"Atuação perante Conselho Profissional";"10427,52";"12,00"
"Atividades perante tribunais e conselhos";"Atuação perante Conselho Administrativo";"12165,42";"14,00"
"Atividades perante tribunais e conselhos";"Sustentação oral - a) Tribunais estaduais, regionais e conselhos estaduais";"8689,58";"10,00"
"Atividades perante tribunais e conselhos";"Sustentação oral - b) Tribunais superiores e conselhos federais";"12165,42";"14,00"
"Tabela de diligências – advogada/advogado correspondente";"Distribuição de petições em qualquer área";"154,08";"0,18"
"Tabela de diligências – advogada/advogado correspondente";"Distribuição de ação em qualquer área (primeira instância)";"231,10";"0,27"
"Tabela de diligências – advogada/advogado correspondente";"Distribuição de qualquer recurso";"308,13";"0,35"
"Tabela de diligências – advogada/advogado correspondente";"Audiência de conciliação em qualquer área como advogada/advogado ou representante";"539,25";"0,62"
"Tabela de diligências – advogada/advogado correspondente";"Audiência de instrução em qualquer área como advogada/advogado ou representante";"1078,49";"1,24"
"Tabela de diligências – advogada/advogado correspondente";"Acompanhamento a cliente em repartição policial por ato";"924,43";"1,06"
"Tabela de diligências – advogada/advogado correspondente";"Despacho com juiz ou chefe de secretaria";"539,25";"0,62"
"Tabela de diligências – advogada/advogado correspondente";"Despacho em qualquer órgão público";"539,25";"0,62"
"Tabela de diligências – advogada/advogado correspondente";"Acompanhamento a clientes em exames periciais";"924,43";"1,06"
"Tabela de diligências – advogada/advogado correspondente";"Requerimentos de certidões ou qualquer outro documento e envio";"308,13";"0,35"
"Tabela de diligências – advogada/advogado correspondente";"Retirada/levantamento, envio de alvará";"308,13";"0,35"
"Tabela de diligências – advogada/advogado correspondente";"Acompanhamento de busca e apreensão de veículo ou outros bens";"770,35";"0,89"
"Tabela de diligências – advogada/advogado correspondente";"Extração de cópia de autos (até 100 copias)";"154,08";"0,18"
"Tabela de diligências – advogada/advogado correspondente";"Digitalização dos autos";"154,08";"0,18"
"Tabela de diligências – advogada/advogado correspondente";"Acompanhamento de movimentação processual (processo físico ou PJE)";"462,21";"0,53"
"Tabela de diligências – advogada/advogado correspondente";"Distribuição de carta precatória";"231,10";"0,27"
"Tabela de diligências – advogada/advogado correspondente";"Preenchimento de guias e pagamentos de custas";"231,10";"0,27"
"Atendimento virtual / eletrônico";"Para o trabalho desenvolvido virtual/eletronicamente, serão cobrados os mesmos honorários anteriormente previstos.";"";""
"Atividades em assessoria jurídica em métodos autocompositivos (*)";"Consulta genérica acerca dos benefícios e características da utilização dos métodos autocompositivos de solução de conflitos";"492,66";"0,57"
"Atividades em assessoria jurídica em métodos autocompositivos (*)";"Consulta para identificação do método autocompositivo adequado à solução do conflito, observando o caso concreto com análise detalhada de documentos";"1055,70";"1,21"
"Atividades em assessoria jurídica em métodos autocompositivos (*)";"Hora técnica e intelectual para análise dos elementos do conflito e assessoria jurídico-estratégica";"793,90";"0,91"
"Atividades em assessoria jurídica em métodos autocompositivos (*)";"Acompanhamento em sessão ou reunião de Práticas Colaborativas, Mediação, Conciliação, Negociação ou qualquer método autocompositivo (por ato)";"2222,92";"2,56"
"Atividades em assessoria jurídica em métodos autocompositivos (*)";"Elaboração e/ou revisão de Termo de Acordo total ou parcial resultante do encerramento de Práticas Colaborativas, Mediação, Conciliação, Negociação ou qualquer método autocompositivo";"4504,37";"5,18"
"Atividades em assessoria jurídica em métodos autocompositivos (*)";"Requerimento de homologação de acordo realizado em esfera extrajudicial perante o Poder Judiciário";"3764,42";"4,33"
"Atividades em assessoria jurídica em métodos autocompositivos (*)";"Assessoria jurídica exclusivamente para procedimento de método autocompositivo de solução de conflitos, especialmente Práticas Colaborativas, Mediação, Conciliação e Negociação, em qualquer matéria, considerando todas as etapas";"9034,61";"10,40"
"Tutela protetiva dos direitos da criança e do adolescente";"Acompanhamento do adolescente em delegacia especializada";"2294,07";"2,64"
"Tutela protetiva dos direitos da criança e do adolescente";"Audiência de oitiva informal perante o Ministério Público (audiência do art. 179 do Estatuto da Criança e do Adolescente)";"6690,99";"7,70"
"Tutela protetiva dos direitos da criança e do adolescente";"Pedido de revogação de internação provisória";"8985,03";"10,34"
"Tutela protetiva dos direitos da criança e do adolescente";"Habeas corpus no horário de expediente";"18161,24";"20,90"
"Tutela protetiva dos direitos da criança e do adolescente";"Habeas corpus perante plantão";"26763,94";"30,80"
"Defesa técnica em execução de medidas socioeducativas";"Acompanhamento da formulação do Plano Individual de Atendimento";"8985,03";"10,34"
"Defesa técnica em execução de medidas socioeducativas";"Impugnação ao Plano Individual de Atendimento";"8985,03";"10,34"
"Defesa técnica em execução de medidas socioeducativas";"Audiência de reavaliação de medida socioeducativa";"8985,03";"10,34"
"Defesa técnica em execução de medidas socioeducativas";"Defesa em procedimento de aplicação de sanção disciplinar a adolescente submetido a medida de internação";"8985,03";"10,34"
"Defesa técnica em execução de medidas socioeducativas";"Pedido incidental (revogação, unificação ou substituição de medida socioeducativa)";"8985,03";"10,34"
"Procedimentos referentes ao direito à convivência familiar e comunitária";"Adoção internacional";"18161,24";"20,90"
"Procedimentos referentes ao direito à convivência familiar e comunitária";"Adoção nacional (SNA)";"9558,53";"11,00"
"Procedimentos referentes ao direito à convivência familiar e comunitária";"Adoção nacional direta (intuitu personae) com anuência dos genitores, estando estes falecidos, suspensos ou destituídos do poder familiar";"9558,53";"11,00"
"Procedimentos referentes ao direito à convivência familiar e comunitária";"Adoção nacional direta (intuitu personae) cumulada com destituição do poder familiar";"9558,53";"11,00"
"Procedimentos referentes ao direito à convivência familiar e comunitária";"Habilitação de pretendentes à adoção";"9558,53";"11,00"
"Procedimentos referentes ao direito à convivência familiar e comunitária";"Tutela ou curatela";"11470,26";"13,20"
"Procedimentos referentes ao direito à convivência familiar e comunitária";"Ação de colocação em família substituta nas modalidades guarda e tutela";"9558,53";"11,00"
"Procedimentos referentes ao direito à convivência familiar e comunitária";"Defesa dos genitores em caso de destituição do poder familiar";"6690,99";"7,70"
"Procedimentos referentes ao direito à convivência familiar e comunitária";"Defesa do tutor ou do guardião legal em caso de perda ou modificação da tutela ou guarda";"6690,99";"7,70"
"Procedimentos referentes ao direito à convivência familiar e comunitária";"Ação de danos materiais e morais decorrente de desistência do pretendente em relação à guarda para fins de adoção ou a devolução da criança ou do adolescente depois do trânsito em julgado da sentença de adoção";"16249,55";"18,70"
"Procedimentos referentes ao direito à convivência familiar e comunitária";"Reconhecimento voluntário da paternidade perante o oficial de registro civil das pessoas naturais (Provimento nº 83/2019 do CNJ)";"1338,19";"1,54"
"Procedimentos referentes ao direito à convivência familiar e comunitária";"Reconhecimento de dupla maternidade/paternidade";"6882,15";"7,92"
"Procedimentos referentes ao direito à convivência familiar e comunitária";"Ação negatória de paternidade";"6882,15";"7,92"
"Procedimentos referentes ao direito à convivência familiar e comunitária";"Suspensão do poder familiar";"16249,55";"18,70"
"Procedimentos referentes ao direito à convivência familiar e comunitária";"Renúncia ao poder familiar";"16249,55";"18,70"
"Procedimentos referentes ao direito à convivência familiar e comunitária";"Emancipação ou suprimento";"6690,99";"7,70"
"Procedimentos referentes ao direito à convivência familiar e comunitária";"Ação autônoma ou incidental de alienação parental (conforme previsto no art. 4° da Lei nº 12.318/2010)";"6690,99";"7,70"
"Procedimentos relativos a ações coletivas e outros procedimentos especiais previstos no estatuto da criança e do adolescente";"Representação de entidade em ação civil pública";"19117,10";"22,00"
"Procedimentos relativos a ações coletivas e outros procedimentos especiais previstos no estatuto da criança e do adolescente";"Mandado de segurança e ação ordinária c/c preceito cominatório visando a direito fundamental (educação, saúde etc.)";"7646,85";"8,80"
"Procedimentos relativos a ações coletivas e outros procedimentos especiais previstos no estatuto da criança e do adolescente";"Defesa em procedimento relativo à imputação de irregularidades em entidades de atendimento e em procedimento relativo à aplicação de penalidades administrativas nos casos de infrações contra norma de proteção à criança ou ao adolescente";"3441,09";"3,96"
"Outras ações judiciais, conforme art. 148, parágrafo único, do estatuto da criança e do adolescente (situação de risco)";"Ação visando a suprimento de capacidade ou ao consentimento para o casamento";"6690,99";"7,70"
"Outras ações judiciais, conforme art. 148, parágrafo único, do estatuto da criança e do adolescente (situação de risco)";"Pedidos baseados em discordância paterna ou materna, em relação ao exercício do poder familiar (inclusa a autorização de viagem)";"6690,99";"7,70"
"Outras ações judiciais, conforme art. 148, parágrafo único, do estatuto da criança e do adolescente (situação de risco)";"Emancipação";"4779,28";"5,50"
"Outras ações judiciais, conforme art. 148, parágrafo único, do estatuto da criança e do adolescente (situação de risco)";"Ação de alimentos";"2867,56";"3,30"
"Outras ações judiciais, conforme art. 148, parágrafo único, do estatuto da criança e do adolescente (situação de risco)";"Retificação de registro civil";"4779,28";"5,50"
"Outras ações judiciais, conforme art. 148, parágrafo único, do estatuto da criança e do adolescente (situação de risco)";"Retirada de crianças e adolescentes de local que ameace ou viole seus direitos, ou busca e apreensão de bens";"6690,99";"7,70"
"Curadoria especial e representação direta/imediata de interesses de crianças e adolescentes quando seus interesses colidirem com os de seus pais ou responsável, ou quando carecer de representação ou assistência legal ainda que eventual";"Curadoria especial de genitores ou responsáveis legais (guardiões ou tutores legais)";"11470,27";"13,20"
"Curadoria especial e representação direta/imediata de interesses de crianças e adolescentes quando seus interesses colidirem com os de seus pais ou responsável, ou quando carecer de representação ou assistência legal ainda que eventual";"Curadoria especial ou Advocacia em nome de interesse manifesto de criança ou adolescente que não corresponda aos interesses de seus genitores, tutores ou guardiões";"4779,28";"5,50"
"Curadoria especial e representação direta/imediata de interesses de crianças e adolescentes quando seus interesses colidirem com os de seus pais ou responsável, ou quando carecer de representação ou assistência legal ainda que eventual";"Violência doméstica";"11470,27";"13,20"
"Curadoria especial e representação direta/imediata de interesses de crianças e adolescentes quando seus interesses colidirem com os de seus pais ou responsável, ou quando carecer de representação ou assistência legal ainda que eventual";"Justiça Restaurativa";"15676,02";"18,04"
"Atuação junto ao conselho tutelar";"Defesa em procedimento contencioso junto ao Conselho Tutelar, conforme Resolução nº 170/2012 do Conselho Nacional dos Direitos da Criança e do Adolescente (Conanda)";"11470,27";"13,20"
"Atuação junto ao conselho tutelar";"Pedido à autoridade judiciária de revisão de deliberação do Conselho Tutelar (art. 137 do Estatuto da Criança e do Adolescente)";"11470,27";"13,20"
"Defesa de direitos de crianças e adolescentes perante tribunais";"Agravo ou contrarrazões em procedimento de apuração de ato infracional ou execução de medidas socioeducativas";"13381,97";"15,40"
"Defesa de direitos de crianças e adolescentes perante tribunais";"Agravo ou contrarrazões em procedimentos não relativos a atos infracionais";"6690,99";"7,70"
"Defesa de direitos de crianças e adolescentes perante tribunais";"Apelação ou contrarrazões em procedimento de apuração de ato infracional ou execução de medidas socioeducativas";"13381,97";"15,40"
"Defesa de direitos de crianças e adolescentes perante tribunais";"Apelação ou contrarrazões em procedimentos não relativos a atos infracionais";"8985,04";"10,34"
"Defesa de direitos de crianças e adolescentes perante tribunais";"Memoriais em procedimento de apuração de ato infracional ou execução de medidas socioeducativas";"6690,99";"7,70"
"Defesa de direitos de crianças e adolescentes perante tribunais";"Memoriais em procedimentos não relativos a atos infracionais";"6690,99";"7,70"
"Defesa de direitos de crianças e adolescentes perante tribunais";"Sustentação oral em procedimentos referentes à apuração de ato infracional e em procedimentos não relativos a atos infracionais";"9558,54";"11,00"
"Atividades em matéria trabalhista/cível";"Obtenção de alvará judicial para trabalho infantil artístico";"6690,99";"7,70"
"Atividades em matéria trabalhista/cível";"Elaboração de contrato cível para atuação de gamers";"5423,29";"6,24"
"Atividades em matéria trabalhista/cível";"Elaboração de contrato cível para trabalho infantil artístico em mídias tradicionais";"5423,29";"6,24"
"Atividades em matéria trabalhista/cível";"Elaboração de contrato cível envolvendo publicidade comercial em mídias tradicionais";"5423,29";"6,24"
"Atividades em matéria trabalhista/cível";"""Elaboração de contrato cível envolvendo publicidade comercial na internet/redes";"5423,29";"6,24"
"Atividades em matéria trabalhista/cível";"sociais/plataformas digitais""";"3823,42";"4,40"
"Atividades em matéria trabalhista/cível";"Elaboração de parecer sobre cumprimento de cota de aprendizagem";"1911,70";"2,20"
"Direito condominial";"Assessoria e Consultoria mensal especializada (até 100 unidades):";"1545,51";"1,78"
"Direito condominial";"Consulta âmbito condominial";"875,64";"1,01"
"Direito condominial";"Cobrança extrajudicial de cotas condominiais/multas";"";""
"Direito condominial";"Elaboração/alteração de Convenção ou Estatuto";"10945,50";"12,60"
"Direito condominial";"Elaboração/alteração de Regimento Interno de associação ou condomínio";"10945,50";"12,60"
"Direito condominial";"Participação e assessoria ao condomínio em assembleia ou reunião";"1587,10";"1,83"
"Direito condominial";"Ação de Prestação de contas";"6348,39";"7,31"
"Direito condominial";"Ação de restituição de valores";"4159,29";"4,79"
"Direito condominial";"Ação de impugnação de assembleia";"5691,66";"6,55"
"Direito condominial";"Ação impugnação de assembleia c/c pedido de liminar";"7114,58";"8,19"
"Direito condominial";"Ação de vícios construtivos";"16418,25";"18,89"
"Direito condominial";"Ação de antecipação de provas (vícios construtivos)";"10945,50";"12,60"
"Direito condominial";"Ação exclusão de condômino antissocial";"16418,25";"18,89"
"Direito condominial";"Ação defesa do (a) síndico (a)";"6567,30";"7,56"
"Direito condominial";"Ação indenizatória (favorável ou contra gestão)";"6567,30";"7,56"
"Atividades em matéria de privacidade e proteção de dados";"Mapeamento de dados pessoais (por processo)";"492,55";"0,57"
"Atividades em matéria de privacidade e proteção de dados";"Elaboração de políticas ou procedimento (por política/procedimento)";"3562,76";"4,10"
"Atividades em matéria de privacidade e proteção de dados";"Elaboração de Relatório de Impacto à Proteção de Dados Pessoais (DPIA)";"8001,16";"9,21"
"Atividades em matéria de privacidade e proteção de dados";"Avaliação do Legítimo Interesse (LIA)";"2850,21";"3,28"
"Atividades em matéria de privacidade e proteção de dados";"Elaboração de plano de atendimento aos titulares de dados";"4987,87";"5,74"
"Atividades em matéria de privacidade e proteção de dados";"Elaboração do Plano de Resposta a Incidentes com Dados Pessoais";"7125,52";"8,20"
"Atividades em matéria de privacidade e proteção de dados";"Suporte e orientação para aplicação do Privacy by Design, por produto, serviço ou solução";"4987,87";"5,74"
"Atividades em matéria de privacidade e proteção de dados";"Elaboração do programa de governança em proteção de dados pessoais";"11400,84";"13,12"
"Atividades em matéria de privacidade e proteção de dados";"Elaboração de termo de consentimento (padrão, dados sensíveis, dados de crianças e adolescentes e idosos) (valor por termo)";"1532,37";"1,76"
"Atividades em matéria de privacidade e proteção de dados";"Análise dos processos internos da empresa e proposição de recomendações de melhorias (GAP Analysis) (por processo)";"492,55";"0,57"
"Atividades em matéria de privacidade e proteção de dados";"Revisão e/ou atualização de políticas e procedimentos já existentes na empresa (por política/procedimento)";"2850,21";"3,28"
"Atividades em matéria de privacidade e proteção de dados";"Elaboração da comunicação de incidente à ANPD / titulares de dados, e demais tipos de notificações necessárias (imprensa, mercado, órgãos administrativos, etc.).";"4987,87";"5,74"
"Atividades em matéria de privacidade e proteção de dados";"Resposta à ofício da ANPD e outros órgãos competentes";"2850,21";"3,28"
"Atividades em matéria de privacidade e proteção de dados";"Resposta a requisição do titular de dados pessoais, por requisição";"766,19";"0,88"
"Atividades em matéria de privacidade e proteção de dados";"Treinamento, palestras, workshops (por evento)";"7125,52";"8,20"
"Atividades em matéria de privacidade e proteção de dados";"Revisão e atualização de inventário de dados pessoais (por processo)";"383,09";"0,44"
"Atividades em matéria de privacidade e proteção de dados";"Elaboração de tabela de temporalidade para retenção de dados pessoais";"4987,87";"5,74"
"Atividades em matéria de privacidade e proteção de dados";"Elaboração de documentação para formalização do cargo de Encarregado pelo Tratamento de Dados Pessoais";"1532,37";"1,76"
"Atividades em matéria de privacidade e proteção de dados";"Análise de aspectos de privacidade e proteção de dados em contratos, por contrato";"3502,56";"4,03"
"Atividades em matéria de privacidade e proteção de dados";"Suporte na gestão de incidentes com dados pessoais (o processo de comunicação à ANPD, titulares e autoridades competentes não está inclusa neste tópico)";"";""
"Atividades em matéria de privacidade e proteção de dados";"- para agentes de tratamento de pequeno porte, por incidente";"9211,74";"10,60"
"Atividades em matéria de privacidade e proteção de dados";"- para demais agentes de tratamento de dados, por incidente";"25629,99";"29,50"
"Atividades em matéria de privacidade e proteção de dados";"- na hipótese de contratação por carga horária (por hora)";"997,68";"1,15"
"Atividades em matéria de privacidade e proteção de dados";"Avaliação de aspectos de proteção de dados pessoais na contratação e/ou gestão de terceiros envolvidos no compartilhamento de dados, por avaliação.";"3562,76";"4,10"
"Atividades em matéria de privacidade e proteção de dados";"Parecer / consultoria e outros trabalhos não especificados - para agentes de tratamento de pequeno porte";"4987,87";"5,74"
"Atividades em matéria de privacidade e proteção de dados";"Parecer / consultoria e outros trabalhos não especificados - para demais agentes de tratamento de dados";"7125,52";"8,20"
"Atividades em matéria de privacidade e proteção de dados";"Atuação como DPO as a Service - por hora";"997,57";"1,15"
"Atividades em matéria de privacidade e proteção de dados";"Parecer / consultoria e outros trabalhos não especificados:";"8001,16";"9,21"
"Atividades em matéria de privacidade e proteção de dados";"- para agentes de tratamento de pequeno porte";"8001,16";"9,21"
"Atividades em matéria de privacidade e proteção de dados";"- para demais agentes de tratamento de dados";"5177,22";"5,96"
"Atividades em matéria de privacidade e proteção de dados";"Procedimento ou defesa administrativa nas demais instâncias como mandatário do titular de dados";"5177,22";"5,96"
"Atividades em matéria de privacidade e proteção de dados";"Defesa dos interesses do controlador";"10288,77";"11,84"
"Atividades em matéria de privacidade e proteção de dados";"Defesa dos interesses do titular de dados";"5700,42";"6,56"
